name,slug,description,category_slug,base_price,compare_at_price,is_active,is_featured,is_trending,is_new,tags,cost_price,brand
Faber-Castell Classic Colour Pencils 24,fc-classic-24,"Faber-Castell's classic hexagonal colour pencils in a sturdy tin of 24. Break-resistant SV-bonded leads lay down smooth, blendable colour for school projects and sketchbooks, and the FSC-certified cedar sharpens cleanly without splintering.",stationery-study,2250,2600,true,true,false,true,art|school,1650,Faber-Castell
Faber-Castell Castell 9000 Graphite Set 6,fc-9000-6,"The legendary Castell 9000 graphite pencils in six drawing grades from 2B to 8B. Top-quality graphite gives deep blacks for sketching and precise greys for technical drawing, diagrams and shading practice.",stationery-study,950,,true,false,false,false,art|writing,700,Faber-Castell
Faber-Castell Connector Pens 24,fc-connector-24,"Washable Connector felt-tip pens in 24 bright colours with caps that clip together for building. Medium tips suit colouring, charts and classroom posters, and the ink washes out of most fabrics.",stationery-study,1450,,true,false,false,false,art|school,1050,Faber-Castell
Faber-Castell Grip Ball Pen 3-Pack,fc-grip-3,"Ergonomic triangular Grip ball pens, three per pack, shaped to hold the fingers correctly through long exam hours. Smooth 1.0 mm black-blue line with smudge-resistant, quick-drying ink.",stationery-study,650,,true,false,false,false,writing|school,480,Faber-Castell
Camlin Scholar Geometry Box,camlin-geometry,"Camlin Scholar geometry box with compass, divider, set squares, protractor, scale, pencil, eraser and sharpener in a crush-resistant metal case. Everything the SEE maths syllabus needs in one box.",stationery-study,350,,true,false,false,false,school|desk,250,Kokuyo Camlin
Camlin Watercolour Cakes 24 Shades,camlin-water-24,"Twenty-four vivid watercolour cakes with a brush tucked in the lid. Colours dissolve evenly with water for washes and posters, and the palette box doubles as a mixing tray.",stationery-study,550,,true,false,false,false,art|school,400,Kokuyo Camlin
Camlin Mechanical Pencil 0.7,camlin-mech-07,"Comfort-grip 0.7 mm mechanical pencil with a steady line for writing and diagrams. Ships with spare leads and a twist eraser, so it is ready for class out of the pack.",stationery-study,450,,true,false,false,false,writing|school,320,Kokuyo Camlin
Camlin Whiteboard Markers 4-Set,camlin-wb-4,"Four low-odour bullet-tip whiteboard markers in black, blue, red and green. Dense ink wipes clean off whiteboards and glass without ghosting.",stationery-study,480,,true,false,false,false,writing|school,350,Kokuyo Camlin
Casio fx-991ES Plus Scientific Calculator,casio-fx991es,"The fx-991ES Plus scientific calculator with 417 functions and a natural textbook display that shows fractions and roots as written. Solar-assisted power with battery backup, approved for SEE and +2 board exams.",stationery-study,2850,3200,true,false,true,true,school|desk,2100,Casio
Casio MJ-12D Desktop Calculator,casio-mj12d,"Full-size desktop calculator with a big tilted 12-digit display that reads clearly across a shop counter. Tax, discount and currency keys plus a sturdy build for daily billing.",stationery-study,1650,,true,false,false,false,desk|school,1200,Casio
Deli 0.5 mm Gel Pens 6-Pack,deli-gel-6,Six quick-dry 0.5 mm black gel pens that glide without smudging — enough for a whole term of notes. Comfortable barrel and steady ink flow from first page to last.,stationery-study,420,,true,false,false,false,writing|school,300,Deli
Deli A4 Spiral Notebook 200 Pages,deli-notebook-a4,A4 spiral notebook with 200 thick 80 gsm ruled pages that take gel ink without bleeding through. Sturdy covers and a lay-flat spiral survive a year in a school bag.,stationery-study,380,,true,false,false,false,paper|school,270,Deli
Deli No.12 Metal Stapler Set,deli-stapler-12,"All-metal No.12 stapler with a box of pins and a remover for home-office paperwork. Pins up to 20 sheets cleanly with a soft, low-effort press.",stationery-study,650,,true,false,false,false,desk|school,470,Deli
Deli Correction Tape 2-Pack,deli-correct-2,"Twin pack of one-line correction tape with instant, no-dry coverage over ballpoint and gel ink. Precise applicator tip reaches single characters.",stationery-study,300,,true,false,false,false,school|writing,210,Deli
Deli 175 mm Craft Scissors,deli-scissors-175,"175 mm stainless craft scissors with soft-grip handles for paper, photos and classroom craft. Sharp, rust-resistant blades stay aligned use after use.",stationery-study,350,,true,false,false,false,desk|art,250,Deli
Anker Soundcore R50i True Wireless Earbuds,anker-r50i,"Anker Soundcore R50i true-wireless earbuds with custom 10 mm drivers for deep BassUp sound. Bluetooth 5.3, AI clear calls, IPX5 sweat resistance and 30 hours of total playtime with the pocketable case.",tech-accessories,4499,5999,true,true,true,true,audio|mobile,3300,Anker
Anker 511 Nano 30W USB-C Charger,anker-511-30w,"Anker 511 Nano 30W pocket charger that fast-charges phones, buds and tablets from a single USB-C port. GaN circuitry keeps it half the size of stock bricks while running cool and safe.",tech-accessories,2999,,true,false,false,false,charging|power,2200,Anker
Anker PowerCore 10000 PD,anker-pc10000,Slim 10000 mAh Anker bank with high-speed USB-C output for phones on the move — roughly two full charges for most handsets. Airline-safe capacity with surge and short-circuit protection.,tech-accessories,7999,8999,true,false,false,false,power|mobile,5900,Anker
Mi Power Bank 3i 20000 mAh,mi-pb3i-20000,"Xiaomi Power Bank 3i with a huge 20000 mAh cell, 18W fast charging and dual USB output for two devices at once. Twelve-layer circuit protection and a low-power mode for bands and buds.",tech-accessories,5499,6499,true,false,true,false,power|mobile,4000,Xiaomi
Mi Smart Band 8,mi-band-8,"Mi Smart Band 8 with a bright 1.62-inch AMOLED display, 150+ sport modes and a 16-day typical battery. Tracks heart rate, SpO2, sleep and stress, and survives swims at 5 ATM.",tech-accessories,6999,,true,false,false,true,wearable|mobile,5200,Xiaomi
Logitech M331 Silent Plus Mouse,logi-m331,"Logitech M331 Silent Plus wireless mouse with 90%-quieter clicks, 1000 DPI precision and a 24-month battery from one AA cell. Plug-and-forget nano receiver works up to 10 metres.",tech-accessories,3199,,true,false,false,false,laptop|accessories,2350,Logitech
Logitech G102 Lightsync Gaming Mouse,logi-g102,"Logitech G102 Lightsync gaming mouse with an 8000 DPI gaming-grade sensor, customisable RGB and six programmable buttons. Nepal's favourite budget esports mouse — accurate, light and built to click for millions of presses.",tech-accessories,4299,4999,true,true,true,false,laptop,3150,Logitech
Logitech K120 Wired Keyboard,logi-k120,"Full-size Logitech K120 wired keyboard with deep, quiet keys and a spill-resistant design that shrugs off tea accidents. Plug-and-play USB with zero setup on any computer.",tech-accessories,1999,,true,false,false,false,laptop,1450,Logitech
JBL Go 3 Portable Speaker,jbl-go3,"Pocket-size JBL Go 3 with 4.2W of surprisingly big JBL Pro Sound, IP67 waterproofing and 5 hours of playtime. Bluetooth 5.1, fabric finish and a carry loop — built for bags, bikes and monsoon.",tech-accessories,6499,7499,true,false,true,false,audio,4800,JBL
JBL Tune 510BT Headphones,jbl-tune510,"Foldable JBL Tune 510BT on-ears with 40 hours of battery, JBL Pure Bass and hands-free calls. Flat-folds into a backpack and quick-charges hours of playback in minutes.",tech-accessories,7999,,true,false,false,false,audio,5900,JBL
boAt Airdopes 141 TWS,boat-141,"boAt Airdopes 141 true-wireless buds with 8 mm drivers, 42 hours of total backup and ENx clear-call mics. ASAP fast charging and instant pairing make them a daily-driver favourite.",tech-accessories,3499,4299,true,false,false,true,audio|mobile,2500,boAt
Ugreen 100W USB-C Cable 2 m,ugreen-100w-2m,"Braided 2-metre Ugreen USB-C cable rated for 100W Power Delivery — fast-charges laptops, phones and power banks alike. Nylon jacket and reinforced necks survive bag abuse.",tech-accessories,1499,,true,false,false,false,charging|mobile,1050,Ugreen
Ugreen Nexode 65W GaN Charger,ugreen-nexode-65,Ugreen Nexode 65W GaN charger with two USB-C ports plus USB-A — enough for a laptop and two phones from one wall socket. Gallium-nitride tech keeps it small and cool under load.,tech-accessories,6999,,true,false,false,false,charging|power,5100,Ugreen
Baseus Bipow 20000 mAh 20W,baseus-bipow-20k,"Baseus Bipow 20000 mAh bank with 20W USB-C fast output and an LED percentage display, so the remaining charge is always visible. Triple output shares power across three devices.",tech-accessories,4999,5799,true,false,false,false,power|mobile,3600,Baseus
Samsung 25W Travel Adapter,samsung-25w,Official Samsung 25W Super-Fast travel adapter with a USB-C cable in the box. Charges Galaxy phones at full Super-Fast speed and safely tops up any USB-C device.,tech-accessories,2799,,true,false,false,false,charging|mobile,2000,Samsung
Casio F-91W Digital Watch,casio-f91w,"The indestructible Casio F-91W digital: alarm, stopwatch, calendar and a ~7-year battery in a feather-light resin case. An icon that outlives trends — and most other watches.",fashion-accessories,3299,,true,false,true,false,accessories,2400,Casio
Casio A158WA Vintage Silver,casio-a158wa,"Retro Casio A158WA with a polished stainless case and band, daily alarm and stopwatch. Slim on the wrist and sharp with everything from kurtas to blazers.",fashion-accessories,4799,5499,true,false,false,true,accessories,3500,Casio
Casio MTP-V002 Leather Analog,casio-mtpv002,"Slim Casio MTP-V002 analog with a clean dial, date window and genuine leather strap. Quietly formal — the office and wedding watch that never tries too hard.",fashion-accessories,5499,,true,false,false,false,accessories,4000,Casio
Titan Analog Leather 1823SL01,titan-1823sl01,"Titan 1823SL01 with a deep-blue dial, date display and genuine leather strap. Quartz accuracy with Titan's finish and service backing, boxed for gifting.",fashion-accessories,6599,,true,true,false,false,accessories,4900,Titan
Fastrack Analog Black Leather,fastrack-analog-blk,"Bold black-dial Fastrack analog on a leather strap — young, loud and built for daily wear. Quartz movement with splash resistance for everyday life.",fashion-accessories,4999,5799,true,false,false,false,accessories,3600,Fastrack
Fastrack Reflex Vybe Band,fastrack-vybe,"Slim Fastrack Reflex Vybe fitness band tracking 10 sport modes plus heart rate, SpO2 and sleep, with a week-plus battery. Light on the wrist, loud on looks.",fashion-accessories,4499,,true,false,false,true,accessories|wearable,3300,Fastrack
Wildcraft 45L Travel Rucksack,wildcraft-45l,"Wildcraft 45L travel rucksack with rain cover, padded laptop sleeve and load-balancing hip belt. Built for Annapurna circuits and semester-abroad moves alike.",fashion-accessories,7999,9499,true,true,true,false,bags|travel,5800,Wildcraft
American Tourister Cabin Case 55 cm,at-cabin-55,American Tourister 55 cm hard-shell cabin case with smooth spinner wheels and a TSA lock. Scratch-tough shell sized for airline overhead bins.,fashion-accessories,11999,13999,true,false,false,false,bags|travel,8800,American Tourister
Puma Baseball Cap,puma-cap,Classic Puma baseball cap in breathable cotton twill with an embroidered cat logo. Adjustable strap fits most heads; shields sun on rides and matches.,fashion-accessories,2499,,true,false,false,false,apparel|accessories,1800,Puma
Adidas Adilette Comfort Slides,adidas-adilette,"Adidas Adilette Comfort slides with a Cloudfoam footbed that cushions every step. Single-bandage synthetic upper dries fast — home, hostel and post-match feet sorted.",fashion-accessories,5499,,true,false,false,false,footwear,4000,Adidas
Nike Everyday Socks 3-Pack,nike-socks-3,Three pairs of Nike Everyday cushioned crew socks with arch support and Dri-FIT sweat control. Reinforced heels and toes survive daily wear and wash cycles.,fashion-accessories,1799,,true,false,false,false,apparel|footwear,1300,Nike
Puma Everyday Backpack 21L,puma-backpack,"Puma everyday backpack with a padded 15-inch laptop sleeve, bottle pockets and cushioned straps for college commutes. Zips and fabric built for daily overloading.",fashion-accessories,4999,5999,true,false,false,false,bags|travel,3600,Puma
Titan Aviator Sunglasses,titan-aviator,Titan metal aviators with full UV protection and spring hinges that flex instead of snapping. Timeless pilot shape that suits most Nepali face shapes.,fashion-accessories,4499,,true,false,false,true,accessories,3300,Titan
Fastrack Wayfarer Sunglasses,fastrack-wayfarer,"Retro Fastrack wayfarers in acetate with shatter-resistant UV lenses. Light, bold and hard to lose — the everyday sunglasses that go with everything.",fashion-accessories,2999,,true,false,false,false,accessories,2200,Fastrack
Puma Smash Leather Sneakers,puma-smash,"Puma Smash leather sneakers with a clean court profile, cushioned tongue and grippy rubber cupsole. Full-grain leather that ages well with daily rotation.",fashion-accessories,8999,10499,true,false,true,false,footwear,6600,Puma
Rubik's 3x3 Speed Cube,rubiks-3x3,"The original Rubik's 3x3 speed cube with smoother, faster turning and durable stickerless tiles. Official 56 mm tournament size — the puzzle every desk deserves.",lifestyle-fun,1999,2499,true,false,true,false,games,1450,Rubik's
LEGO Classic Creative Box,lego-classic,"LEGO Classic medium box with 484 bricks in 35 colours plus windows, doors and baseplate ideas for open-ended building. The perfect first big LEGO set for ages 4 and up.",lifestyle-fun,4999,,true,true,false,true,games,3700,LEGO
UNO Card Game,uno-cards,"112 cards of reverses, skips, wilds and dreaded +4s — the family game-night fix that fits in a pocket. For 2 to 10 players; grudges guaranteed.",lifestyle-fun,899,,true,false,false,false,games,650,Mattel
Monopoly Classic Board Game,monopoly-classic,"Monopoly Classic: buy streets, build houses, bankrupt the family the traditional way. Eight tokens, full board and paper money for 2 to 8 players, ages 8+.",lifestyle-fun,3499,,true,false,false,false,games,2600,Hasbro
Fujifilm Instax Mini Film Twin Pack,instax-film-2x10,"Twin pack of Fujifilm Instax Mini film — 20 credit-card-size instant prints for any Instax Mini camera. Weddings, trips and room walls start here.",lifestyle-fun,2799,,true,false,false,false,travel,2050,Fujifilm
Govee RGB LED Strip 5 m,govee-strip-5m,"Five metres of app-controlled Govee RGB strip light with a built-in mic that pulses to music. Timers, dimming and millions of colours for room glow-ups and Dashain decor.",lifestyle-fun,3999,4999,true,false,true,true,lighting|home,2900,Govee
Milton Thermosteel Flask 1L,milton-thermo-1l,"Milton Thermosteel 1-litre flask in food-grade stainless that keeps chai hot (or water icy) for 24 hours. Leakproof, sweat-free exterior for bags and bike holders.",lifestyle-fun,3299,,true,false,false,false,kitchen|travel,2400,Milton
Milton Insulated Lunch Set,milton-lunch-set,Three stainless Milton containers in one insulated carrier — the office tiffin that keeps lunch warm till 1 pm. Leakproof lids survive crowded micro rides.,lifestyle-fun,1999,,true,false,false,false,kitchen,1450,Milton
Boldfit Yoga Mat 6 mm,boldfit-mat-6mm,"Boldfit 6 mm anti-skid yoga mat with dual-texture grip and a carry strap. Thick enough for knees on concrete floors, grippy enough for power flows.",lifestyle-fun,2499,2999,true,false,false,false,fitness,1800,Boldfit
Boldfit Skipping Rope,boldfit-rope,"Adjustable Boldfit skipping rope with smooth ball bearings and foam grips for cardio anywhere — terrace, park or hostel corridor. Trims to your height in seconds.",lifestyle-fun,899,,true,false,false,false,fitness,650,Boldfit
Boldfit Resistance Bands 5-Set,boldfit-bands-5,"Five stackable Boldfit latex bands from 10 to 50 lb for full-body training without a gym. Includes handles and door anchor for presses, rows and curls.",lifestyle-fun,1499,,true,false,false,false,fitness,1100,Boldfit
Cello H2O Bottles 1L 2-Pack,cello-h2o-2,"Two leakproof 1-litre Cello H2O bottles for fridge, desk and gym bag. Food-grade plastic with flip caps you can open one-handed mid-ride.",lifestyle-fun,1299,,true,false,false,false,kitchen|travel,950,Cello
Quechua NH100 20L Daypack,quechua-nh100-20,"Quechua NH100 20-litre daypack with padded back, straps and bottle holders — sized for Shivapuri day hikes and daily college carry alike.",lifestyle-fun,3999,,true,false,false,true,outdoor|travel,2900,Quechua
Naturehike LED Camping Lantern,naturehike-lantern,Rechargeable Naturehike warm-light lantern with three brightness modes for load-shedding nights and campsites. USB-C charging plus a hook for tents and wires.,lifestyle-fun,2499,,true,false,false,false,outdoor|lighting,1800,Naturehike
Philips 9W LED Bulbs 4-Pack,philips-led-4,"Four Philips 9W daylight LED bulbs that brighten whole rooms while sipping power and staying cool. Standard bayonet fitting, instant full brightness.",lifestyle-fun,1499,,true,false,false,false,lighting|home,1100,Philips
